0,0.412076832045443,-1.158712402261873
1,1.4080844840761881,-0.5807954401454404
2,0.5976355258147289,1.3133874054554404
3,1.0573569687465059,0.530590017072253
4,0.17477743622521344,1.7778535046897979
5,1.7118699137698044,0.7507503896275088
6,1.6812152519989207,0.8134945302525088
7,0.2068164269647858,1.5482252047872258
8,1.7768138716676984,0.45082363181500884
9,0.3832558463053299,-1.193805780886752
10,0.6325082000285079,1.2647706269424894
11,1.180341413410009,-0.16259935803026704
12,1.7551827312901715,0.5748470693150088
13,1.5996504198857844,0.6709202199497745
14,0.153840696981473,1.7489281060900588
15,1.036084246274498,0.4224416583099887
16,1.088463976549763,0.5384754023769424
17,0.9751416032266064,-0.29857694289893655
18,1.455828061909518,-0.27550712532610444
19,0.4232184803134692,-1.0886439636953504
20,1.4497527655760938,-0.3168698877772763
21,0.18537665651851248,1.7374463133324376
22,0.37985730322749867,-1.183673582206385
23,0.3476641295828727,-0.9429307501915823
24,0.6768258936330497,0.74413051547236
25,1.2914694968604044,-0.903199943967767
26,0.9510906230250241,-0.6847402567720487
27,1.5374861066782457,0.30399021201520415
28,0.6422975320019411,1.1909242618501672
29,1.39631416194154,-0.646963748403497
30,1.344458003933919,-0.8668910593471005
31,0.7068681096478192,0.18006230516112598
32,0.7189007994802948,-0.07022194659584013
33,1.8126987343280818,0.18153652244000884
34,1.2117895899500992,-0.46403238482088593
35,1.7655329919891933,0.5186947255650088
36,1.4547086060548309,-0.28317085213274507
37,1.5525157304651147,0.40518459372907134
38,0.8412885130713248,-1.8016886853358223
39,0.9172242994162344,-1.2168779263949467
40,0.8310737665148451,-1.7775313134981765
41,1.8417348725755491,-0.09794345802874116
42,0.4518590990944118,-0.7806553244801685
43,1.7864147351473454,0.38707241111188384
44,0.8627254594404806,-1.7644917310892119
45,0.8708891591366978,-1.7204419996334686
46,0.937353078536488,-0.9078337068414762
47,0.7853293530006561,-1.344830118140809
48,0.9413637702932688,-0.8432111286303475
49,0.20978604450036809,1.5116848143744015
50,0.2932635385441376,-0.05344399975655645
51,1.395285186841315,-0.6525231928309873
52,1.2315399895158747,-0.6258097023448422
53,0.1974432410646053,1.6477366538154534
54,0.6602891017007773,0.9915483157172352
55,0.5254492854091054,0.47786258790511826
56,0.24353398867834025,0.9616768764265621
57,1.0395183203230962,0.4455969414928481
58,0.8578284174008373,-1.7832192958077862
59,0.2319718747034697,1.1737412966368161
60,1.123087676400336,0.36452619426637145
61,1.5159783061515395,0.1523559957066104
62,0.3431229232176889,-0.8891340393121859
63,0.6210992645228336,1.317956835010417
64,1.2408527558652187,-0.6913799375972226
65,0.9876534192420632,-0.11149607344777135
66,1.011145328635761,0.19210884974091502
67,0.934448442112124,-0.9541908002203777
68,1.6710632256774145,0.8211849599400088
69,1.1798220783304942,-0.15738937563509492
70,1.1757045253848408,-0.11602035469622163
71,0.9045821555251572,-1.3898151528766824
72,0.9660795316557134,-0.44139281685710696
73,1.6603607962904778,0.8215664296665713
74,0.5044508303823062,0.09981189379396571
75,1.7557884856657522,0.5716427236118838
76,0.2748990747018514,0.32384726209675907
77,1.1617591762813535,0.023375523022703848
78,0.20295682044800284,1.592188493149191
79,1.2809376353023414,-0.8800669044932797
80,1.233555341739648,-0.6406312913379147
81,1.6161907759059455,0.7368267446079776
82,1.7507841109774165,0.5970028310337588
83,0.9075659907980635,-1.350915031295873
84,1.2889279751407834,-0.8986175984820798
85,1.7213621893743858,0.7204006581821963
86,1.2030198935051692,-0.3840415210208371
87,0.6983957456049835,0.3502375123578608
88,0.6931097285870881,0.4526985382915959
89,0.6454763645113099,1.1615274968578966
90,1.7776096203563971,0.44566616111188384
91,0.8401291830313926,-1.8003266772931887
92,1.7591448980167652,0.5540340810337588
93,1.607223950014304,0.7032116323032901
94,1.3211770322551777,-0.9118807644328549
95,0.15558954687897733,1.7567467088346653
96,1.6801759494168702,0.8145931630650088
97,1.7137702806359496,0.7450436025181338
98,0.1600459049764233,1.7723343581854714
99,1.2429744523409374,-0.7052477926692441
100,0.8048688664132261,-1.5915494705761297
101,1.1627612202877406,0.013469856909804068
102,1.1883719943574955,-0.2426673800429776
103,1.1693526202754743,-0.05222356624216584
104,0.6808827946335277,0.6754343656146452
105,0.2687852470972497,0.451356302861594
106,1.5112481981663966,0.11841472678571197
107,1.6994378852266423,0.7829922109165713
108,0.480946869372313,-0.32381434943016896
109,0.5080329860499027,0.16539585094943365
110,0.7916493300130959,-1.4338474371681436
111,0.8348402572935448,-1.7896339295177235
112,1.6548020805357513,0.8185375600376651
113,0.4936623837291233,-0.09730716382108906
114,0.8623252067223759,-1.7662427199749722
115,1.251530594676744,-0.7569410533389523
116,1.0197930197486629,0.28387363881557437
117,0.7175152253748253,-0.04106868211892245
118,1.4734048375608857,-0.1530191034755185
119,0.3802397287649384,-1.1849639638668954
120,0.4759083128344448,-0.41027394346673784
121,0.8344015514231401,-1.7884164329363479
122,1.4876355909211318,-0.05159679360003022
123,0.5814739296770719,1.2233029150891603
124,0.33612521626358205,-0.7975682369298661
125,1.7321492244492065,0.6801937490025088
126,0.3648583824168156,-1.103393676511761
127,1.1785091636180578,-0.14420831508249787
128,0.6432072921993062,1.1827771540636682
129,1.2150999662683697,-0.49305966801256684
130,1.2711091215293877,-0.8485156030139401
131,0.2651344747636811,0.5272928550960464
132,0.7542529721617386,-0.8033618675755784
133,0.7190309317105134,-0.0729628924956992
134,0.4517608242684502,-0.7819893596017132
135,0.16360567762987802,1.7802112040574762
136,0.16774528356102592,1.7841585130547024
137,1.1656799678865095,-0.015519830652184763
138,0.2938854845986063,-0.06588505346298146
139,0.6866360027787314,0.5733634143624008
140,1.7966511592489434,0.31251796775250884
141,1.6350903371029215,0.7900341420689151
142,1.7017327900904011,0.7776974111118838
143,0.43882704358420543,-0.9419089781505968
144,0.6885734311713766,0.5378582229394019
145,0.5610264007139066,1.0180736756672637
146,0.9846234487024708,-0.15548554740161447
147,1.0747037962664732,0.5563456087627933
148,0.8392724580445174,-1.7990936462512686
149,1.4120975324005491,-0.5572377771815732
150,1.2443461268008444,-0.7139946550807431
151,1.27088369621494,-0.8476783365687802
152,0.4036802649551464,-1.1911147399216055
153,1.4191924426697848,-0.5144745439967587
154,1.2404609125465478,-0.688774439760156
155,0.6569927496937825,1.033893043037832
156,0.7889074220430818,-1.3962544151792748
157,1.8306673707977503,0.01417812400250884
158,0.7358113984758607,-0.4271712918045446
159,0.7338565011071677,-0.3861112317746952
160,1.193210872437675,-0.2902123660525754
161,1.2012676116568777,-0.3675799400290921
162,0.17270081772511822,1.7814253850708575
163,1.1265357512060172,0.3388993188062236
164,1.4720550685353566,-0.16254917091936616
165,1.764799531134175,0.5228756337681338
166,1.3450696942700189,-0.8651775450190976
167,0.347549746861302,-0.9416319251751625
168,0.5692225128092546,1.1116079221326878
169,0.8621957572198735,-1.766800697681166
170,1.224453629413527,-0.5710747868499234
171,0.3122994308902811,-0.4165744250642015
172,0.8135256560193246,-1.672302054960884
173,0.6973448988022353,0.37085977252791824
174,1.8012529996768825,0.27687343650250884
175,1.79761004533945,0.30531581931500884
176,1.4138105459833734,-0.5470406145533994
177,1.0300718015602959,0.3767418383875415
178,0.4296159254021489,-1.0350721395508948
179,1.7639486696544553,0.5276363759556338
180,1.7171041229626034,0.7346218495884463
181,1.650370190576386,0.8145931630650088
182,0.2367656200426201,1.088202192550451
183,1.4673983662390393,-0.19528976387590913
184,0.33002175911988074,-0.7096044264810112
185,1.6891729732704108,0.8027218251743838
186,1.1494070240097245,0.14258128099828216
187,1.8297525880813617,0.02321132712750884
188,0.8787243060775024,-1.6637977680867984
189,1.2207449642169386,-0.5408869416198209
190,1.4696782682510423,-0.17928806252092866
191,0.5916897292049437,1.2881990469548406
192,1.2361522177456674,-0.6592227549037412
193,1.5555599577731485,0.42497905784039947
194,1.0362189391447298,0.42339053445249053
195,0.8716247360918398,-1.7157088348387255
196,1.0527051642672796,0.5141730874100253
197,1.7581628085391023,0.5592525868931338
198,1.8487652256452127,-0.17130771584124116
199,1.2905701010420445,-0.9016502232036069
200,1.4922794329718805,-0.018229636617608347
201,1.8186988429791824,0.12800869040875884
202,0.3906493006594487,-1.2054198915022347
203,0.1946879338075363,1.6721628515313647
204,1.4189526940810504,-0.5159417719325498
205,1.198199725868799,-0.33842534131617097
206,0.3186479887693239,-0.5274327992348767
207,1.0372345481071652,0.43043865331202
208,1.0126343685137256,0.2087552535602376
209,0.6356781440684339,1.2436604114853331
210,0.5723454317671745,1.1434047369191909
211,0.4565936063348006,-0.7144396119830995
212,1.1424992138576906,0.20596095614819976
213,0.4116616324966405,-1.1607335982182043
214,1.3599368990989564,-0.816136750646539
215,1.6098790892684598,0.7137020497837588
216,1.316950330356914,-0.9154556126079038
217,0.6007203349807257,1.3226953407072948
218,0.8249556016744984,-1.7499259624375476
219,1.0221272428608137,0.3065512429246232
220,0.7351471753681493,-0.41323518056669084
221,1.07752395589661,0.5553611560979411
222,1.3163984492117329,-0.9158107370814755
223,0.6594779214888021,1.0021984452403636
224,0.5161082998900018,0.31215055252760837
225,1.4901249428842518,-0.03372207588762788
226,1.4689432081105915,-0.18445506996721772
227,0.2209341160571779,1.355092709029858
228,1.2473251282252764,-0.7323915094813779
229,0.3679282742603465,-1.1244817980688744
230,1.0810092550019226,0.5522097989240214
231,0.6455898593151091,1.1604300144033992
232,1.5539366975354147,0.4144581227818057
233,0.3154990323057951,-0.47320013963343766
234,1.675770249309543,0.8184688954868838
235,0.7313815481741308,-0.3339626018634513
236,0.3745450185705648,-1.1618273174128184
237,0.9278910123050924,-1.0570187142795398
238,0.293544273708362,-0.05906347646731913
239,1.4083852085155588,-0.5790483087977841
240,0.7683542919279568,-1.067765610546477
241,0.7170539757675948,-0.031377311002135255
242,0.3309219280287994,-0.7230311061641183
243,0.4664475541291893,-0.565399532751318
244,1.0327229680999792,0.39769515835433455
245,0.3414578743740966,-0.8682819259021849
246,0.9726735020890712,-0.33697754821986703
247,1.733530240907416,0.6746395497837588
248,0.828053830528042,-1.7651322025550975
249,0.4566663737070316,-0.7133929335242933
250,1.5193364684863535,0.17636951499371978
251,1.2732502853848282,-0.8562143177470639
252,1.1928396947161684,-0.2865900129756406
253,0.36059966337289373,-1.070261664666024
254,0.7476206295075641,-0.671065654393889
255,0.954269662736534,-0.632785256274648
256,0.7932550110622443,-1.4551106479695513
257,0.5272702325787822,0.5094169478477929
258,0.5356964921831157,0.6512096329323035
259,0.39280784641956096,-1.2061108826739577
260,1.3900227059864725,-0.6803456873378232
261,0.359119735996959,-1.0577071104755227
262,0.6936225559229455,0.4429029867540598
263,0.8158213551100494,-1.6905803282490446
264,0.21450007306830696,1.4490697453813333
265,0.413519187738928,-1.1513564919397972
266,0.4401033105687334,-0.9275819521419103
267,1.459530749455077,-0.2500316233119443
268,0.5566375197719773,0.9623603969310429
269,1.4201891482977085,-0.5083595842799619
270,0.7407401138949621,-0.5299760585396066
271,1.274062725940145,-0.8590154380282834
272,1.2627417997150558,-0.814025196500726
273,0.5460591029169092,0.8136899161407277
274,0.8656571090139356,-1.7504887876777424
275,1.3001239764349135,-0.9141205877742246
276,1.1790869866350429,-0.15001103586763886
277,1.1847568611208228,-0.2067622572860196
278,0.21712181701863106,1.411916779137126
279,1.6892411231174296,0.8026302724400088
280,1.6613958475291233,0.8218792348423526
281,0.4537581806117004,-0.7545484699941803
282,0.8094359980376054,-1.6364584334871246
283,1.6929788100531131,0.7961605458775088
284,0.9186236352948116,-1.1965390269389822
285,0.8865983325456728,-1.5936506397767438
286,1.3563408579237832,-0.8292419046840146
287,0.42353363434712943,-1.0862273060549263
288,1.6183781039268286,0.7442272573032901
289,0.17356638846165984,1.7801107607160667
290,0.2759584560361208,0.30176465866435
291,0.7890567631596432,-1.3983430448199137
292,0.5739179889308843,1.1585751814789624
293,1.0214596862961258,0.3001591569998786
294,0.3939164367638839,-1.2059917943544782
295,1.240814352270727,-0.6911251277408078
296,1.0664793564574917,0.5510407916524932
297,1.5608540988089843,0.45872768454938384
298,0.6075123435205677,1.333973336303469
299,0.4407947267756088,-0.919681532649694
300,1.0449356995096588,0.4776983677664325
301,0.5611541948454511,1.019639219194513
302,0.9255639908564064,-1.092768207446344
303,0.3480194192897628,-0.9469463314519012
304,1.169671267717045,-0.05541701919645814
305,1.5722793175421783,0.528204765848212
306,1.7009642491992416,0.7794979482212588
307,1.7660660224681544,0.5156734853306338
308,1.1385999277870735,0.24035316400914641
309,1.024973519997553,0.33295519158928844
310,1.4704175602654712,-0.17408863014788178
311,1.2925654543395266,-0.9049814075908139
312,0.42843881912772985,-1.0456337930001531
313,0.8768492038273756,-1.6785862280732466
314,0.4124675231281455,-1.1567711456365863
315,1.1133927154173953,0.4294716610827968
316,1.015475252461906,0.23955200866549464
317,0.9214234773530908,-1.1552304311400725
318,1.8347191623404466,-0.02622714943499116
319,1.680249138969942,0.8145016103306338
320,0.40742382468965294,-1.1788813832201335
321,1.18304707812206,-0.18969402021975068
322,0.9629473327508988,-0.4917386120861843
323,1.5586615589805797,0.44486125998883697
324,1.7300232666183404,0.6885860829868838
325,1.5589006838656758,0.44638713889508697
326,0.1955039627623437,1.665165481632183
327,1.663460391012297,0.8222683339634463
328,0.4293074158340915,-1.0378705163449844
329,0.7177528668294489,-0.04606456812252102
330,0.7914119710844014,-1.4306567204395755
331,1.5410775880172547,0.32863506369977447
332,0.4866902477633528,-0.2227220263222912
333,0.4492442798630689,-0.8155684617078728
334,1.8371412900836672,-0.05076328224749116
335,0.2259878653849548,1.2749842594316156
336,0.6784431058423878,0.7170883676524759
337,0.8496920710109163,-1.801083206918694
338,0.532947531316585,0.6057852109159362
339,0.6100248973964707,1.3349021469846853
340,0.3322701354057669,-0.7428517254740578
341,1.5287351319444338,0.2430065541782901
342,0.5681661490998795,1.1003593883731888
343,1.2275479167302157,-0.5954650372943356
344,0.7627444132598477,-0.9657397230832353
345,0.15826656921685506,1.7668657445516338
346,0.5702755265001782,1.1225746260686797
347,1.5608422318395383,0.45865520530133697
348,0.8489725479010946,-1.8018513240596725
349,0.30285479277374555,-0.24141908710334203
350,1.8070537497439507,0.22969326072125884
351,1.2590158488543577,-0.7964223355731442
352,1.2654644967292572,-0.8260163993319943
353,1.7267776604280178,0.7009457021275088
354,1.7361384519050107,0.6638058095493838
355,1.6430362011075446,0.8048809438267276
356,0.8325930309022208,-1.7828624181194677
357,0.6242144238749728,1.307010877739966
358,0.9675724943336916,-0.41754754937500504
359,1.4365954133176768,-0.4043041796168759
360,1.0151003862801904,0.23556152053862067
361,0.7879644206926876,-1.3829580934463515
362,1.1661778289184244,-0.020482423969216623
363,1.2416774150415146,-0.6968185038051083
364,1.8135007376597656,0.17451747947125884
365,1.2066149318947812,-0.417339804836221
366,0.8187807337163112,-1.712163037874408
367,1.7392252319021966,0.6506527333775088
368,1.39409526871029,-0.6589037508449033
369,0.8819683740310966,-1.6364438014781548
370,0.9311791155464346,-1.0058100682428552
371,1.8479436950868864,-0.16270175880999116
372,1.7881169130825514,0.37514003806500884
373,0.16108332498975533,1.7750538697100886
374,1.588123790036375,0.6154621511021182
375,0.7662179276413611,-1.029453039888896
376,0.8253872454227278,-1.7521950330330505
377,0.6505813981619695,1.1089537724408807
378,1.1951534833095794,-0.30909455127329377
379,0.4502804850425424,-0.8018787270404496
380,0.5042491460098117,0.09611622918674445
381,0.5176899816585977,0.34058967795209216
382,1.1044256013569216,0.47905186258941146
383,0.3252484564678148,-0.6359025247540481
384,0.6792541607359448,0.7033537730829343
385,1.521698669735896,0.19320568137555572
386,0.9762596112033282,-0.28132370232851056
387,1.774748332833343,0.46373256736188384
388,1.3647469145042903,-0.7974547476252988
389,0.3459170684794943,-0.9227737836437805
390,0.9113650517214414,-1.2995969278483166
391,1.0455081157559385,0.4807713671842143
392,1.6737726671292346,0.8197658925571963
393,1.7144303585122929,0.7429836659946963
394,0.240582201410314,1.0176156433442962
395,1.6964911351241867,0.7892940907993838
396,1.321424881353194,-0.9116248220881894
397,1.126549366878719,0.33879571103244277
398,1.7111552362862872,0.7528561025181338
399,0.8385520633202197,-1.7979076632975115
400,1.293166020180185,-0.905907782979913
401,1.5533255143654423,0.41047939353375884
402,1.5372142214293516,0.3021171956577823
403,1.1026163415565071,0.4877157925882861
404,1.1014723835271405,0.492950548163943
405,1.6086214858099768,0.7088039784946963
406,0.4994088500720309,0.007455851541461445
407,1.3667595582282603,-0.7892622084102109
408,1.536981622457511,0.30051311545758697
409,0.3527700897540165,-0.99787660519468
410,1.5927426752200449,0.638556328348212
411,0.3628778557568343,-1.088541966365657
412,0.2413143995336342,1.0038441521810988
413,0.950072118570696,-0.7013887542045191
414,1.745876097632528,0.6206234365025088
415,1.7608151301618629,0.5449703603306338
416,1.1475141018232715,0.1602309837260768
417,1.53233050649748,0.26821025901227447
418,0.5771327717034416,1.1877898480532245
419,1.239923661503156,-0.6851793856105283
420,0.431826608187276,-1.0143967673859073
421,0.5806485830809375,1.2169059865198584
422,1.7333043513270918,0.6755245595493838
423,1.6754637251481244,0.8186825185337588
424,1.4129407545866115,-0.5522286028346494
425,0.954955717783383,-0.6215818620032146
426,1.6469355131071437,0.8105495839634463
427,0.440187966326578,-0.9266198520919638
428,1.0133751342418027,0.21690817803829165
429,1.1686071003764675,-0.044756996699281015
430,0.21331473907447712,1.4653304659483943
431,1.5364150511608297,0.2965954213657901
432,0.6287034583122175,1.2864986959401072
433,1.7230118582390044,0.7146480947056338
434,1.7361701102508482,0.6637142568150088
435,1.4892897576632569,-0.03972068733782319
436,1.5557475297586378,0.42618450217633697
437,0.6652070180419625,0.9238613525893092
438,0.4195354002803795,-1.1151388553473147
439,0.7729645062542572,-1.148008565905176
440,0.8185343376496351,-1.7104516860774233
441,1.7409169913502698,0.6432369618931338
442,1.5607965076206471,0.45836528830914947
443,1.578832978837822,0.5657070546665713
444,1.328771734925063,-0.9017591804942563
445,1.5064600441620073,0.08395275168805572
446,0.9397679658602652,-0.8689976849338487
447,1.6798507537794132,0.8149288564243838
448,1.7995955501743366,0.28981288962750884
449,0.8490227194674359,-1.8018020845694913
450,1.689502706573217,0.8022030263462588
451,1.361389749938316,-0.8106299967250302
452,1.2413949348496538,-0.694962593980737
453,1.0438788598067177,0.4718641310253665
454,1.7551641289734647,0.5749386220493838
455,0.7663053338456979,-1.0310339404015316
456,0.3878139097315254,-1.20265788111573
457,0.2524833183869409,0.7860951917944553
458,1.5237863524832715,0.20804294639020415
459,1.06431983011307,0.5475964403965995
460,0.5568144695715359,0.9646783146097809
461,0.7317112442591964,-0.34091827973970024
462,1.268014643466432,-0.8365764350375607
463,1.4226400270032948,-0.4932133287867978
464,0.2951113001540116,-0.09031338760468455
465,1.2077924469143422,-0.42809838361353425
466,1.1769856312404787,-0.12889951772303132
467,1.5018248375843934,0.05054554038434478
468,0.5313121271782631,0.5783610899605341
469,0.4246366206097141,-1.077585794132748
470,1.4259644563831042,-0.47243658012957124
471,0.809388736438091,-1.6360198841641171
472,0.3566162692881864,-1.0352643672278568
473,0.8940876484477583,-1.515628896441914
474,1.5069917894467542,0.08778270774274322
475,0.7379039238616837,-0.4709585905285999
476,0.4880755599313844,-0.19800483801299518
477,1.4515540053084623,-0.30466476387590913
478,0.26163449950443457,0.5997244545117687
479,0.3124959227533931,-0.4200943133629985
480,0.1967485630201593,1.654108544427796
481,1.5128697993104196,0.13006671958356353
482,0.7508245122065029,-0.735495582942523
483,0.5006895836311788,0.030898202684337295
484,0.15434213401441213,1.7512664270093659
485,0.6053675824503932,1.3317905259107725
486,0.3920320358147499,-1.2060029598207542
487,1.6367986888817467,0.7936123281040713
488,0.340035779230915,-0.850004197004811
489,1.4508888380645169,-0.3091804117640927
490,1.0287329486207557,0.36568488620906325
491,0.2168609731891766,1.415685105738529
492,0.4885677078964646,-0.18919680643665882
493,0.7330315533829742,-0.3687472236553654
494,0.770020536261863,-1.0971609077161624
495,0.655020963973338,1.0580209818224908
496,1.2415171136696,-0.6957662434062436
497,0.3064846446523646,-0.3100543234397187
498,0.2908463136329699,-0.004810612817610971
499,1.0665037628169975,0.5510748035529182
500,0.6763916018658586,0.7513131213862002
501,1.2917855189620546,-0.9037251800975278
502,0.6291531401218574,1.2841373616036513
503,1.3048465940148204,-0.9170898527583554
504,1.6459097936706109,0.8091610341587588
505,0.7392003661389186,-0.49798753463909773
506,0.5871635791952321,1.2627538121094481
507,1.4174754041992697,-0.5249482721766904
508,0.382935628039455,-1.192979651058696
509,1.0393582525745155,0.44456577741294356
510,1.7225706781805323,0.7161892324009463
511,0.6463945964668371,1.1525543517571428
512,1.4264525830072616,-0.4693647951564267
513,0.8409742573547679,-1.8013542958280517
514,1.575563826182922,0.5472401052036807
515,1.41811654884156,-0.5210463137111142
516,0.195551991454356,1.6647473955377414
517,1.6700031941866125,0.8215511708775088
518,0.4365499910775079,-0.9666326077778572
519,1.6463979968501383,0.8098247914829776
520,0.8226094970576501,-1.7367433409883155
521,0.23908721998846014,1.0455097446445585
522,1.6504026706446857,0.8146160512486026
523,1.2255108116467577,-0.5794913501223996
524,0.6426485250567835,1.187806459530119
525,1.6247187611904188,0.7638958364048526
526,0.5904371410103558,1.2816932128414997
527,0.7098135228607303,0.11953396685640516
528,1.091917570451202,0.5289836346426532
529,1.1731851907374966,-0.09069295532316712
530,0.9498450884885749,-0.7050993324002698
531,1.4955574587444531,0.005369988016180716
532,1.0700023238155865,0.5548188730397746
533,1.2759722222978125,-0.8653372258624509
534,0.2837182036511924,0.14078815430803704
535,1.6876799564785825,0.8050564199009463
536,0.2874977283325992,0.06322539890043888
537,1.3225593581370318,-0.9103871912440732
538,1.2001437909902726,-0.35694781250566987
539,0.5862542959700057,1.2570009980489054
540,1.8495612808386583,-0.17954746193499116
541,1.610788145745488,0.7171886830845401
542,0.9587951471978664,-0.5590114549478963
543,1.8478109294741631,-0.16117587990374116
544,0.8358093185009873,-1.7921436925163938
545,0.8893814407856678,-1.565887533847846
546,1.3203594196375272,-0.9126894802531674
547,0.5990408220910203,1.3179492237184682
548,0.8999138086017937,-1.4479953909969403
549,1.2920972917930271,-0.9042346806010678
550,0.5628361802547014,1.0399366541903952
551,0.9082775710050288,-1.341451523613788
552,0.3135927664563549,-0.43964212758436727
553,1.7640116439893334,0.5273006825962588
554,1.193289714630372,-0.29098123616785554
555,0.3883715943836294,-1.2033675136910382
556,1.0955071998869064,0.5170949368992374
557,0.27618554802868106,0.29703284684802245
558,0.9132734205998072,-1.273109156892307
559,1.5697595664929604,0.5133198171177432
560,1.2493283883599404,-0.744294914670892
561,0.8261607235484912,-1.7561392702838852
562,1.245584826925656,-0.7217443913897946
563,1.7267318168136527,0.7011593251743838
564,0.5355439301375771,0.648711774244301
565,1.674959690318366,0.8190487294712588
566,0.5835082593038008,1.2383470803404713
567,1.2071212553661457,-0.42197519845575837
568,0.4014018740703073,-1.196798172574919
569,0.9894202820285092,-0.08628415248603372
570,1.7612109775248637,0.5428341298618838
571,0.9162323540782624,-1.2311652454292847
572,1.388342288331485,-0.6890050501307919
573,0.9620292348122468,-0.5065673107957914
574,0.2464756644679373,0.9048813335774034
575,0.966690627737367,-0.4316196546635106
576,0.5989742400673158,1.3177452072639504
577,1.8018517000047776,0.27205165915875884
578,1.4891529094994218,-0.04070583290667085
579,1.6532192670797343,0.8173092275181338
580,1.1339447624525676,0.2798887013712451
581,1.8143412824072243,0.16707119040875884
582,1.6749255635445952,0.8190639882603213
583,0.9353711641030018,-0.9395108383825496
584,1.1616085166890302,0.024862584404043875
585,0.654055713541394,1.069497924044125
586,0.8631226338220632,-1.7627158246679677
587,0.2301765273320865,1.2047965055392602
588,1.3840553347455211,-0.7105814547023251
589,0.7334673852175277,-0.3779233647721335
590,0.8963643204123999,-1.4898881048640682
591,0.8262859518416455,-1.7567631390622331
592,1.6161621901142766,0.7367275624790713
593,0.6219443230707382,1.3152548460428157
594,1.1893667066302147,-0.2524943531236127
595,0.5225245978917928,0.42661476013818944
596,0.6709048701116779,0.8390383193989769
597,1.3984939621952306,-0.6350590319117978
598,1.0405554166473858,0.45216346972375365
599,0.8622923574243441,-1.7663846973075046
600,0.597956454368847,1.3144764526303412
601,0.26009485854633724,0.6314264955520307
602,0.2046031934291117,1.5739333728390044
603,1.5512278344903538,0.39673122458844634
604,1.3178984892962335,-0.9147850603541806
605,1.4506163135946943,-0.3110257715663388
606,1.2005618148700803,-0.3609092564067319
607,0.2465733565557349,0.9029784850559358
608,1.3006572473078422,-0.9145599932155087
609,0.4062984094848097,-1.1829357569324124
610,1.7905572117731672,0.35768398337750884
611,1.768975353848538,0.49873622947125884
612,1.7877598729127264,0.37755092673688384
613,0.8885383649061734,-1.5744551343588604
614,1.245680107010979,-0.7223347753962949
615,0.2835379089083635,0.14450535240194629
616,1.6583041114468382,0.8207043080845401
617,1.3852181062317601,-0.7048040956935361
618,0.6970124629560863,0.37735855169813337
619,1.012389950375212,0.20604638264267894
620,0.4846103397589901,-0.2596048103652643
621,1.2203360667568983,-0.5374971062621549
622,1.8313510281024852,0.007464256815008841
623,0.6145098987015769,1.3321761888590196
624,0.2448235984515604,0.9369005089841344
625,0.310701450627995,-0.3877493672609412
626,0.9877530458935574,-0.11006563834161309
627,1.6547274295613985,0.8184917836704776
628,0.23519744879078636,1.1165860408971717
629,0.9969226721406866,0.016821737147264204
630,0.8627604735049641,-1.764336705927409
631,1.3095658526591218,-0.9180070490321591
632,1.2040483075951047,-0.3936339945277646
633,1.1727011289144855,-0.08582857555956391
634,1.0171934779793037,0.25755358555107566
635,1.039339504298184,0.44444468312650176
636,0.31302147280221626,-0.4294820156685014
637,0.9417491836174662,-0.8369703993877843
638,0.6058757343879695,1.3324231455706546
639,0.8072252702212901,-1.6153559377627893
640,1.1302590666549974,0.3098841428080127
641,1.4834665195454173,-0.08145633644670991
642,1.3280852701214056,-0.9028640121898129
643,0.5634929047667063,1.0477047184038462
644,1.6246416916803466,0.7636669545689151
645,1.0837363524144892,0.5482768981972262
646,0.4221062167918141,-1.0969855931827546
647,1.2318297750398612,-0.6279617876491025
648,1.645949169315365,0.8092068105259463
649,1.1478224596854043,0.15736946903853866
650,1.5841446059593065,0.5946606069126651
651,1.6010962247820275,0.6773556142368838
652,1.6135348735293973,0.7274044423618838
653,0.2943370137321466,-0.07489767685291693
654,0.7573087377594977,-0.8627953445749804
655,0.5055521063836331,0.11998805793046674
656,1.8217296273548849,0.09999355369000884
657,1.292200662603874,-0.9044008583507016
658,1.6968485133465652,0.7885464101353213
659,1.0953002066097521,0.517835442654185
660,0.6013103859206955,1.3241795805886873
661,0.336082799193537,-0.796982303200995
662,0.9212373681048652,-1.1580006361684276
663,1.1905247070610996,-0.2639016092500165
664,1.3292873836905146,-0.9009051651439145
665,1.813624133915004,0.17341884665875884
666,0.32894325597509844,-0.6933171984048309
667,0.8673139354311723,-1.7416678315705134
668,1.704196349174551,0.7716854482212588
669,1.0368197915886606,0.4275831102648303
670,1.3076153420579342,-0.9178729385814145
671,1.5927338409985907,0.6385143666782901
672,1.0139408449621985,0.22307646714835616
673,1.5540578436175532,0.41524395041852447
674,0.5166436171595058,0.3217899569652295
675,1.3494876521358037,-0.8520566553554013
676,0.7152780487068612,0.005864176994517467
677,1.514800061359976,0.1439178853550479
678,0.7422414157590586,-0.5610351725692376
679,1.3369552784362468,-0.88580945438952
680,1.554190138928979,0.4161022573032901
681,1.5811539643589985,0.578528252176337
682,0.5717574339490462,1.137586404140901
683,1.8422672885593532,-0.10337558693499116
684,0.15726995399688912,1.7633623639148617
685,0.8417852576320722,-1.8021644966422095
686,0.7109706582724402,0.09559974246877434
687,1.7722984155614614,0.47880825095563384
688,1.1113767164375,0.4415461539545581
689,1.4147331971062251,-0.5415121645411923
690,0.7663674491330593,-1.0321567249695285
691,0.4660221960337109,-0.5721180006796126
692,0.19524561391999573,1.6674024966815715
693,0.3705794550079888,-1.1407837944418056
694,0.7334056168989841,-0.3766232065601721
695,1.3867942332182168,-0.696883353658624
696,0.9365751040897043,-0.9202908280050829
697,1.3418356908956721,-0.8739515871486142
698,1.1366944697343548,0.2567469968715236
699,0.7296180162313777,-0.29672117673107234
700,0.9782927353301448,-0.25019122033626584
701,0.9948015062343972,-0.011650120162077227
702,0.4394400634392184,-0.9350690609637163
703,1.0138592656342649,0.22219007716267558
704,1.7205356559955782,0.7232235341587588
705,1.1969536727276748,-0.326471063562341
706,1.5617382493762837,0.46427043967633697
707,1.7675978580116705,0.5067623525181338
708,0.1579869840344499,1.7659146879526837
709,1.2735748410716772,-0.8573414415797665
710,0.8033010913876583,-1.5749688053248896
711,1.6866524250769177,0.8065975575962588
712,1.184606253933281,-0.20526072687716035
713,0.7707538300667525,-1.1099582317030503
714,0.3505344312474851,-0.9745538645685806
715,0.2349011334410106,1.1219066186134192
716,1.3695268331154062,-0.7776500315150693
717,1.7631238606525712,0.5322750478306338
718,0.8300820000454148,-1.773723643061377
719,0.629654532877745,1.2814389673083575
720,0.2783154879892341,0.2526957294560893
721,1.4214215600561606,-0.5007626146754697
722,0.35297888493623963,-0.9999955617960873
723,1.0926646388420609,0.5266772925177142
724,1.0690205229499714,0.5539943061092422
725,0.6145329010244286,1.3321476966746637
726,1.624477569623577,0.7631863027134463
727,0.9003287936943072,-1.4429621061055435
728,0.9314460629333152,-1.0016199865123703
729,1.535314618120441,0.28897747092633697
730,1.5201270807768799,0.18201145224957915
731,0.8475400067812233,-1.8029833345419242
732,0.6022007062438852,1.3262382700129898
733,1.4023968247366627,-0.6133400530299619
734,1.0497880289945252,0.5018053173342273
735,1.3461918850508938,-0.8619660467585996
736,1.7891774399611169,0.36769374900250884
737,1.4408802118488242,-0.376178893514581
738,0.4600655077502694,-0.6635687790832813
739,0.9344108766881116,-0.9547874678602889
740,1.6366703712221131,0.7933452992954776
741,0.5874696126947226,1.2646421712495872
742,1.4782751238983365,-0.11848274178118257
743,1.1248490898053376,0.35158969902186843
744,0.6297952835521977,1.2806690704681465
745,1.3737922296299498,-0.7589916319331601
746,0.2991874246932561,-0.1705898974525476
747,0.5853287009424301,1.2509274922566043
748,0.5408675289687721,0.7341403614053056
749,0.5408940914749606,0.7345572400743626
750,0.6155003663225674,1.3308151360623093
751,0.6220656900095053,1.3148504248027244
752,1.7885564652751524,0.37202724509625884
753,0.7597451986490749,-0.9094012347260937
754,0.7173078420738851,-0.03671043205321578
755,1.3980475112402342,-0.6375114054164365
756,0.9356124794457702,-0.9356642656704858
757,0.9887016148195062,-0.09649871221990136
758,1.560753687331032,0.4580944448032901
759,0.3803619289091797,-1.1853682706925532
760,1.0322043256041995,0.3936950906434581
761,0.2162727882349863,1.424124687391835
762,0.5811085013240517,1.2204913940884659
763,0.5573373883650036,0.9714936283497159
764,0.7760321922549787,-1.1994429070247783
765,0.7113494160868733,0.0877481776777208
766,0.6854551906141048,0.5947325184031874
767,1.846110903676314,-0.14341464943499116
768,1.1301135026397453,0.31104346059947463
769,0.7865667026419718,-1.3629108555825873
770,1.0404193741329268,0.4513134180822894
771,1.7207376548195958,0.7225521474400088
772,1.4824847656049325,-0.0884744257411435
773,0.9500034905315912,-0.7025104353880957
774,0.4026845565966969,-1.1937632157561815
775,0.2741783750496097,0.3388766658215977
776,0.15393590011518193,1.7493780000271748
777,1.6892008750423877,0.8026913075962588
778,0.4347869497539244,-0.9850240055085956
779,1.4139275127357966,-0.5463406176051572
780,1.8135471266799332,0.17402919822125884
781,1.1414698386810274,0.2151454507628009
782,1.601534075576574,0.6792782216587588
783,1.546745672007587,0.3669689565220401
784,1.750801048998334,0.5969417958775088
785,1.404340156294248,-0.6023351282557919
786,0.8468625033983294,-1.8033339933237507
787,0.6735701313858715,0.7971352486427427
788,1.0467633260647804,0.4872956021943614
789,0.7003596101278126,0.31138701420496406
790,1.7561589818050438,0.5697811513462588
791,0.2981300164540272,-0.14991353015392772
792,0.4844330092292978,-0.26273587502436524
793,0.8355219070668584,-1.7914251147514655
794,1.084311472764615,0.5472852408209369
795,1.1437730126803052,0.1944964274087474
796,1.5798181760831789,0.571173515848212
797,0.6597441803593149,0.9987190662439466
798,1.5182828234551395,0.16884693198590728
799,0.6724578745473255,0.8147886639715657
800,0.6523977918445982,1.088690704062909
801,1.5828397381391142,0.5876797109165713
802,0.3870535965503111,-1.2015591727060304
803,1.7400461154887807,0.6470516591587588
804,1.3174225105741917,-0.9151312441310361
805,1.1056940661429513,0.4727008982816264
806,0.6548904491491868,1.0595857526430414
807,1.317695644864045,-0.9149350256404355
808,1.584955107534495,0.5989559560337588
809,1.3272317978125991,-0.9041854471644833
810,1.5568460605723018,0.4332531362095401
811,1.1425389773404229,0.20560468428521605
812,0.7846547267082001,-1.3348418919114842
813,0.9433437479872386,-0.8111037735572532
814,0.8250811027883487,-1.750590714414276
815,1.2847618750793757,-0.8897344798526242
816,1.803849959944568,0.25606044822125884
817,1.5876942871361908,0.6132419972935245
818,0.4938456513401726,-0.09398098885793982
819,0.998526496699193,0.03797365233986827
820,1.6963299978194222,0.7896297841587588
821,1.84883041365276,-0.17197910255999116
822,1.7726882962554114,0.47651943259625884
823,0.2938826197806787,-0.06582781819060213
824,0.6158434216738154,1.3302796582946108
825,1.3832222076519405,-0.7146853537044003
826,0.1621955067940121,1.7775829014035445
827,1.3655172671824811,-0.794344815679498
828,0.20304201836549274,1.5912622590956822
829,0.4343449776659326,-0.989530188765631
830,1.3604605633389806,-0.8141655058345273
831,1.7523682028663643,0.5891903310337588
832,0.20683370915762025,1.548019272194491
833,0.24479841914119785,0.9373861285037569
834,1.125382377430417,0.34760883145719024
835,1.097981811090134,0.5077311068096683
836,1.6607894898850806,0.8217037587681338
837,1.6345830820517688,0.7889278798618838
838,1.3922995457180645,-0.6684362024745419
839,1.3042031451120624,-0.916807088323541
840,1.5349209702769864,0.28624042563825103
841,1.5908012494822956,0.6289814382114932
842,1.4330312640243246,-0.427417907186456
843,0.4981995846151809,-0.01465564399331154
844,1.1167976215244615,0.4079242094674632
845,0.7622793570486553,-0.957081805935733
846,1.207859672092978,-0.42871040410608796
847,1.8163027672941048,0.14961513572125884
848,1.508616175382987,0.09948047690778228
849,1.7268913201561462,0.7005489736118838
850,0.7861086226276001,-1.3562534349250122
851,1.1445970515372912,0.18702328645377608
852,0.3740611623705478,-1.1594754976478647
853,0.15075585120474566,1.7328617385452922
854,1.352737378027172,-0.8416015238246396
855,0.4780572137259519,-0.3736855527742514
856,1.6861934794094011,0.8072384267368838
857,0.6933144598779349,0.44879187420229616
858,0.4002400484554317,-1.1991800018760763
859,1.7526271622521683,0.5879085927525088
860,0.4745686990377244,-0.43285069145276023
861,1.6738349906618042,0.8197506337681338
862,0.3956879901867697,-1.2051345833344307
863,0.8952339228365668,-1.5027818076989128
864,1.6151932234565634,0.7333629994907901
865,1.6017641957806872,0.6802853017368838
866,1.3577850422154203,-0.8240696520289853
867,1.706455040379037,0.7658260732212588
868,1.5017443623672495,0.04996570639996978
869,1.5198908572210743,0.18033107810407134
870,0.9037738814498898,-1.4001282549208476
871,1.214030554355182,-0.4837582737884
872,1.7348298699294826,0.6692989736118838
873,0.427839569720705,-1.05088993604949
874,1.4234261446761685,-0.48832574791521577
875,0.839181103826869,-1.7989507976664676
876,1.1221066168126268,0.37158741497188064
877,0.2957904665125761,-0.10379341675997378
878,1.2039422328651486,-0.3926469714126065
879,1.5448378919266756,0.35414203696637603
880,0.9576130591557348,-0.5782470444893911
881,1.7924918174943103,0.34370693259625884
882,1.1302654582860885,0.3098332031884715
883,0.6951138553009281,0.4142348943067268
884,1.3050007913191533,-0.9171516031703427
885,1.5841484907236052,0.5946758657017276
886,1.4340614933470817,-0.420765075155206
887,0.32201397049462,-0.5836611039732739
888,0.7088564614977491,0.13926634271848204
889,1.6531848006693324,0.8172939687290713
890,1.6494586984605581,0.8136013417759463
891,0.2563169806988024,0.7086758299288326
892,0.4453253962775992,-0.8655577771125459
893,0.7524700932107026,-0.7682176938025728
894,0.4853858260941154,-0.24588677978971785
895,1.206281222339059,-0.41427707976908235
896,1.5708315618719817,0.5196941762486026
897,0.20502333842177614,1.569155255587301
898,1.6164054991788817,0.7375744252720401
899,0.2591672363084282,0.6504698672227355
900,1.4758952851710456,-0.13538661903948335
901,0.8415060452275489,-1.801905003164567
902,0.906898687826742,-1.359725415029235
903,0.7547391838663877,-0.8128879203206375
904,0.826012810042989,-1.7553971058434321
905,1.6475543550769651,0.8113277822056338
906,0.7080751308284018,0.15533040578230473
907,1.3001091572221208,-0.9141078323802426
908,1.3887692127857345,-0.6868154139003232
909,0.6948034280212555,0.4202244484120533
910,1.034742205771758,0.4128067909994647
911,0.33681923634942823,-0.8071034164160588
912,1.5075876452759325,0.09207614951520415
913,0.9068765455492036,-1.360016684301801
914,1.0582963348313574,0.5334126583555266
915,0.3757131280258303,-1.1672566931767427
916,1.3725542868426477,-0.7645002932033017
917,1.2538144339268549,-0.7695643038234189
918,1.6848094097041073,0.8091457753696963
919,1.1507421880965678,0.13001669638543578
920,1.8221371793800067,0.09620937400250884
921,1.7978489915173417,0.30354579978375884
922,1.2717250871200123,-0.8507775992831662
923,0.9199741535393572,-1.176712965846665
924,1.5429352367692772,0.34127887778668853
925,1.3436686312740032,-0.8690663904628232
926,1.0653634132909628,0.5493684529581592
927,1.318475212583686,-0.9143396944484189
928,1.6898496518399957,0.8016384511509463
929,1.1234228810325124,0.36208968304782363
930,0.7876221825441877,-1.3780867215456887
931,1.2423311340963274,-0.7010861367663815
932,1.1636309814497348,0.004851338199667654
933,0.6456676965850938,1.159675440147847
934,1.6817509303132296,0.8129146962681338
935,0.5013112321432227,0.04228336872693805
936,0.9867773494421959,-0.12411913766772298
937,1.27183221765391,-0.8511670560321286
938,1.5440199011535982,0.3486278920689151
939,0.9976383826195784,0.026301462880663595
940,1.2139453455253952,-0.48301402039141206
941,0.3039810556349901,-0.2628788222802464
942,0.21626346155796,1.424257864051409
943,0.53714624264141,0.6748047712106277
944,1.7271154876267076,0.6996944814243838
945,0.5905748856074514,1.282428843530223
946,0.4204123813411999,-1.1091240733650842
947,1.1495555988654262,0.14118772440343352
948,0.3969048848983621,-1.2040710646244328
949,0.5583506972309207,0.984552039045237
950,1.2980419728635073,-0.9121473164042905
951,0.1741990669779827,1.7789923091768252
952,1.1604886326702446,0.03589576177983733
953,0.5038782893227556,0.08932034049285764
954,0.5272348766552043,0.5088070441059321
955,0.7379690278780577,-0.4723178479100093
956,0.4150544998387242,-1.1429585457946736
957,1.7475219326711633,0.6128109365025088
958,0.8763584238620934,-1.6823309411040022
959,0.6081429554940443,1.3343718371259534
960,1.162781903826707,0.013265159658484182
961,0.4520866060011997,-0.7775605645212559
962,0.6889100719392214,0.5316342509839237
963,1.5601012745609788,0.45398220115094634
964,0.6369260842327877,1.2346075061148518
965,0.4086420226364045,-1.174129618938597
966,0.5030696886280591,0.0745023017305434
967,1.432411409788425,-0.43141094154924897
968,0.4485836529323865,-0.8241948172646439
969,1.4427725627914192,-0.3636476129970029
970,1.0552102524024227,0.5235185704448745
971,0.9170274483001232,-1.2197219666770174
972,0.2490640931646828,0.8541269582463505
973,1.6392819519608646,0.7984341054478213
974,0.8029592147293244,-1.571275163462989
975,1.6769972917691036,0.8175381093540713
976,1.6570778057330862,0.8200481801548526
977,1.523542034423855,0.2063091664829776
978,1.6358033040480806,0.7915600209751651
979,1.8000157885195844,0.28645595603375884
980,0.9194972313604406,-1.1837359143166317
981,1.4037433603352438,-0.6057283014735654
982,0.4712493842289083,-0.4879636030011093
983,1.6267018503462354,0.7694652944126651
984,0.3615272590194541,-1.0778584130868616
985,1.6095856613684314,0.7125728993931338
986,0.19090043802878234,1.7019836405577244
987,1.6050173992956442,0.6941631703892276
988,1.4675411744618536,-0.19428745216936616
989,0.4341229737403439,-0.9917777597431191
990,0.4759462833099943,-0.409631357694881
991,1.5371038926999565,0.30135234885602447
992,0.9802466349846716,-0.22058539769858865
993,1.0170776112987483,0.25635469027548285
994,0.7919811572302271,-1.438287634423606
995,1.2804298976662285,-0.8786741227588132
996,0.1677000358221441,1.7841459276718261
997,1.6260559805871635,0.7676647573032901
998,1.4465227853177829,-0.33862224526018647
999,0.5137895809028221,0.27024569321002534
1000,1.326255364030425,-0.9056268066844418
1001,1.225893111515937,-0.582513693042703
1002,1.1378104440551435,0.24717986278920623
1003,0.9131173976767788,-1.2752917607060148
1004,1.2698566824506083,-0.8437990874728635
1005,0.4077473352386738,-1.177656238308547
1006,1.0577116603595034,0.5316752388396785
1007,1.5057767222316756,0.07902988486676665
1008,1.6702695039372657,0.8214748769321963
1009,1.0248716400483695,0.3320340409198329
1010,0.3547537958132185,-1.0175958189040024
1011,1.081355175975704,0.5517817220905349
1012,1.2740474901631176,-0.8589633435687497
1013,1.2715140950167758,-0.8500070900401547
1014,1.4042438504631545,-0.6028844446620419
1015,1.54171163071014,0.33296283774762603
1016,1.81101225188566,0.19612392478375884
1017,1.692400634073824,0.7972134023228213
1018,0.3105094444987766,-0.38426232187902454
1019,0.4903711393353592,-0.1568090174034219
1020,1.7148939690276956,0.7416256337681338
1021,0.1820919029356298,1.7539029169423621
1022,1.2547721749570084,-0.7747080058536008
1023,1.2822236238275648,-0.8834801644763425
1024,1.1828720802790094,-0.18794450468630342
1025,1.4299775013432423,-0.4470092386683896
1026,1.147509205448217,0.16027638011365386
1027,0.7173740280864511,-0.038101203411489704
1028,1.4064257567973577,-0.5903922647914365
1029,1.3229468924397871,-0.9099402756175473
1030,0.24814325846575766,0.872261377416688
1031,0.585715728450283,1.2534936742529759
1032,0.235856497367616,1.1047032092840787
1033,0.5595568870504248,0.9998376001684014
1034,0.8378128665881407,-1.7965489702975823
1035,1.231904514257843,-0.6285155744037106
1036,1.033167814409346,0.4010875231841132
1037,0.9223098651127368,-1.1419909356838538
1038,0.2563441605746309,0.7081231748887226
1039,0.35561193191854645,-1.0258389441252724
1040,1.159415401898072,0.04643420570283385
1041,1.6701772354702926,0.8214748769321963
1042,1.217641701299116,-0.5148647756061032
1043,0.8803448143051202,-1.6504106128333582
1044,1.223312236634115,-0.5618928701362088
1045,0.9811644695880124,-0.20679010196835546
1046,1.7753423083461135,0.45997890525250884
1047,0.5971154628292362,1.3115633516943568
1048,1.4848968407989709,-0.07122627205462007
1049,1.1921675534395797,-0.2800194949588254
1050,1.0445080898010397,0.47536284171729537
1051,0.8479978795852474,-1.8026791217482163
1052,0.2071492096268212,1.544245820665477
1053,0.5971422438231636,1.3116590706420617
1054,0.5243265082150262,0.458267743852783
1055,0.7594480287957595,-0.9037558785850629
1056,1.0923906176046536,0.5275335951962993
1057,0.9928919745454436,-0.037749554284520426
1058,0.6288655005917541,1.2856542008019538
1059,0.8906224189919473,-1.5530316524884178
1060,0.7410211323066582,-0.5358000130137875
1061,1.407087696355377,-0.5865737528285458
1062,1.3845524481491345,-0.708118590780206
1063,1.0007263233673809,0.06644193895845862
1064,1.2871923036463702,-0.8951243490657285
1065,1.421484386593589,-0.5003763765773251
1066,0.16233768059338113,1.7778772558245883
1067,0.2766039357055744,0.28831713157233796
1068,1.0152439269905875,0.23709218458025905
1069,1.5787283243095886,0.5651234059849307
1070,0.9744161754265002,-0.3098201446911767
1071,0.3999389277530168,-1.1997402619810522
1072,1.5541723058501422,0.41599163108258697
1073,0.2830490435109663,0.15459144038942074
1074,1.1420565350102694,0.2099196656861827
1075,0.1952833972798559,1.667076587610378
1076,1.7838720662623897,0.40437587790875884
1077,0.9665654611442948,-0.4336200023746565
1078,0.7278836161007338,-0.2600512784185335
1079,1.5389314777581782,0.3139446645298526
1080,0.6707769141084842,0.8410152789227218
1081,1.847047615261296,-0.15324130959124116
1082,1.6801726979583491,0.8146084218540713
1083,0.5605940188762651,1.012752537216155
1084,0.8741094399793243,-1.6988130884921624
1085,1.5378206354927493,0.3063019185581729
1086,1.1154169726118328,0.4168327718296573
1087,0.7815170095051068,-1.2872032001825495
1088,0.8525825199247818,-1.7966599606654121
1089,0.4753277186483904,-0.4200813867857428
1090,1.5994906211655822,0.6701992421665713
1091,0.5936273226988464,1.2974455680603647
1092,1.1440990196036518,0.19154513322501632
1093,0.8176457600741734,-1.7041506159795894
1094,1.5278941094158338,0.2370880513706729
1095,0.8567248479633304,-1.7866210181011333
1096,1.0829717159998549,0.5495081774213836
1097,0.9940753463291204,-0.021523888476796427
1098,0.4777825557233098,-0.3783866736550331
1099,1.6410427430322945,0.8016003041782901
1100,0.8186111280978483,-1.710986709941782
1101,0.954632939615905,-0.6268522760576084
1102,0.8627000690288671,-1.7646039610473885
1103,1.1858469120864514,-0.21761718697161225
1104,1.6137044537706355,0.7280300527134463
1105,1.2099929353449927,-0.44799587435335664
1106,1.0567853662525741,0.5287915325978324
1107,1.7004643965829285,0.7806423574009463
1108,1.5214047743929007,0.19111522727399322
1109,0.5657513417624652,1.0737322534922065
1110,0.5245214417181251,0.4616770341315791
1111,1.0045914066404869,0.1148753284731433
1112,0.4993071685506911,0.0055956510703331075
1113,0.2241583879543797,1.3045856414697106
1114,1.3810435587823393,-0.7252773374995664
1115,0.5326878826077762,0.6014504635320995
1116,0.8615978370869342,-1.7693250442600323
1117,1.0587685191918583,0.5347690998831317
1118,0.6695432767666253,0.8599087925184071
1119,1.740673287725377,0.6443355947056338
1120,1.1033664129419878,0.48418076776652785
1121,1.6411463279452718,0.8017605214634463
1122,1.6347737332945276,0.7893246083775088
1123,0.9020032758901804,-1.4223736927589847
1124,1.278716405157888,-0.873782607980676
1125,1.2660585647498688,-0.828534576364465
1126,1.754768890592581,0.5769527822056338
1127,1.1399014239237246,0.22899613969712707
1128,0.5612036334935876,1.0202439886714352
1129,1.7624371474511566,0.5360592275181338
1130,1.6573914264015774,0.8202236562290713
1131,0.2741451447467808,0.3395697456092498
1132,1.0016734320178655,0.0784999604591653
1133,1.3353202772277806,-0.8893971771678403
1134,1.4795771997522196,-0.10921588844866303
1135,0.4827264318114303,-0.29275212574356513
1136,1.4233739779628416,-0.4886499971827939
1137,0.6806315147021207,0.6797712093473897
1138,0.8092008198927483,-1.6342707092619015
1139,0.2834081185773881,0.1471821520906892
1140,0.7556719307741391,-0.8310903900048211
1141,1.4063468265649073,-0.5908462137660458
1142,1.7370997738218066,0.6597469716587588
1143,0.7495954625527625,-0.7108879049985185
1144,0.5184336639479189,0.3539154198159017
1145,1.1871831490250095,-0.23089105195612458
1146,0.15620954517131858,1.759290613250183
1147,1.6916751977624631,0.7985103993931338
1148,0.982942894192878,-0.18027330867261437
1149,1.6292307229183107,0.7761791616001651
1150,1.6562251021290293,0.8195370107212588
1151,1.2151372755138858,-0.4933828145942166
1152,1.2442540086053275,-0.7134126157245114
1153,1.5986054482533665,0.6661938100376651
1154,1.214423547768918,-0.4871849448165372
1155,1.589353871714862,0.6217144399204776
1156,1.8366713412590032,-0.04594150490374116
1157,0.7513930209446974,-0.7468301041728332
1158,0.7022519306855324,0.2735908585389629
1159,0.7108556314483954,0.09798256899449231
1160,0.5656288784052653,1.0723485046262873
1161,0.6199209683105077,1.3213914449814261
1162,0.7697934492878159,-1.0931804115163608
1163,0.9708440029346084,-0.3656999219885543
1164,1.7189215850488102,0.7286098866978213
1165,1.1207802051648157,0.3809663771906421
1166,1.0432084964038129,0.4680555469611213
1167,1.7237470713482417,0.7120083241978213
1168,1.1639432175440796,0.0017529695549532986
1169,0.9175541139004,-1.2121033093637301
1170,0.6222375821151399,1.314270614043206
1171,0.4053397099862638,-1.186134502447377
1172,0.520341248831467,0.387949002288959
1173,1.023066523585524,0.3154174729505107
1174,1.0204856612068425,0.2906980577179715
1175,0.4611417227116478,-0.6474243160620895
1176,0.8081735789896214,-1.6245550459927394
1177,1.565124853727923,0.4852741628208682
1178,1.5700649498670385,0.5151356130161807
1179,1.4703241519501824,-0.17474380440325288
1180,0.3524632216295095,-0.9947439131621573
1181,1.22114445753638,-0.5441873402080014
1182,1.640730471481748,0.8010433583775088
1183,1.6878575547773451,0.8047970204868838
1184,0.8971740733583168,-1.4805168605154826
1185,1.6164728493393652,0.7378033071079776
1186,0.6345007276625514,1.2518182940337361
1187,0.6651885881608716,0.9241247905673012
1188,1.0882278709167568,0.5390532135286853
1189,1.6386893233588715,0.7973202138462588
1190,1.4881471635771049,-0.04792514748186616
1191,0.7002373318034029,0.3138174275889546
1192,1.0490135078597491,0.49825323813348266
1193,1.7182543551286014,0.7308529286900088
1194,0.9589803786337192,-0.5560001053592637
1195,0.405384670666944,-1.1859897434544031
1196,0.3812572654937131,-1.1882119583380621
1197,1.223379390688416,-0.5624358088454678
1198,0.9959702479682488,0.004106587476424894
1199,1.1550884936290602,0.08851968937306853
1200,0.7083675678336696,0.14932282185401025
1201,0.807927419604792,-1.622188334840022
1202,0.954909822765585,-0.6223311799323633
1203,1.6126849512307255,0.7243069081821963
1204,0.2472461862365337,0.8898453309821511
1205,1.0145822436773295,0.2300089418211505
1206,1.331749171157875,-0.8965438932856992
1207,1.6356378151182065,0.7912014394321963
1208,0.7718922760587891,-1.12965381310568
1209,0.43578136847802,-0.9747320254966249
1210,1.4360469065201984,-0.40787759728045014
1211,1.7443819915745864,0.6275204091587588
1212,1.1763782156482907,-0.12279349870295075
1213,0.5050549575115743,0.11088084539442977
1214,1.8393147349063488,-0.07298007912249116
1215,1.4748499565221245,-0.14278999275774507
1216,1.6772339052148395,0.8173244863071963
1217,0.9926303914573676,-0.04135850562960652
1218,1.532032647356886,0.26613315635114165
1219,1.3737823629787551,-0.7590357393702939
1220,0.8767846394603357,-1.679081863511957
1221,0.6920948447484704,0.47198635791647436
1222,0.7200193729176323,-0.09379660316989569
1223,0.7791312866791396,-1.2497135009827538
1224,1.419418317767278,-0.5130917162379697
1225,0.6623721258569614,0.9635255936089456
1226,1.354008549905793,-0.8373316854915097
1227,1.1937590211440834,-0.295553448863931
1228,1.503570307753804,0.06312831931500884
1229,1.5251434363175504,0.21765789084821197
1230,0.4411857177304167,-0.9151711096776048
1231,0.41609586477714294,-1.1369311072077757
1232,0.3642983126550668,-1.0992924452868387
1233,0.7292121489383161,-0.28814316589631883
1234,1.0492967538398574,0.49956530027776214
1235,0.4598360887038154,-0.6669878222011826
1236,0.24370572316027986,0.9583888704528895
1237,1.5240530993292385,0.20993122153668853
1238,0.7496885769842586,-0.7127570742952153
1239,1.3238208423302635,-0.9088869423350766
1240,1.2829995176024775,-0.885459694333978
1241,0.6593456889786761,1.0039204450811745
1242,0.5936786531719505,1.2976769578315803
1243,0.9642750061189296,-0.4703492822802141
1244,0.17098057665300825,1.7832985920530824
1245,0.6701585111738388,0.8505241598257348
1246,0.8085395510006366,-1.6280461969064994
1247,0.9829391797864414,-0.18032838336438684
1248,0.3058199897184531,-0.2976030396941419
1249,1.3942131197875065,-0.6582738489589169
1250,1.6704614296522442,0.8213985829868838
1251,1.8360320291379943,-0.03953281349749116
1252,1.066306965074436,0.5507974445143268
1253,0.4512440415324547,-0.7889766239742962
1254,1.456718895727045,-0.26939311928362397
1255,0.8351597848585126,-1.7904887891119792
1256,1.3999456027935082,-0.6270424456080869
1257,0.41290411366127466,-1.154556742555716
1258,1.2394988991802085,-0.6823186606845334
1259,0.40624103409097606,-1.183133801189971
1260,1.4715706950439833,-0.16596523232073335
1261,1.400969990151804,-0.6213399500331357
1262,0.6473138302110629,1.1433575091439785
1263,1.288219445034663,-0.8972276181659177
1264,1.6048733973717881,0.6935757070103213
1265,0.2609721784276257,0.6133757126538589
1266,1.111069957240578,0.4433376758614108
1267,1.1210191600309478,0.3792911886492297
1268,1.8281174609067736,0.03908046775250884
1269,0.9117582076686194,-1.29417754036621
1270,0.3779575386913848,-1.1767001578111298
1271,1.677343099748537,0.8172481923618838
1272,0.7166912970104289,-0.023762218791663625
1273,1.1709022820474024,-0.0677638978442624
1274,1.7404974137714733,0.6450985341587588
1275,0.703264880552845,0.2532220759683773
1276,1.5096094638844682,0.10662921958356353
1277,1.5318679572324052,0.26497348838239165
1278,1.7122297873654884,0.7496517568150088
1279,0.4047035252075271,-1.1881273054379484
1280,1.3103849679417174,-0.9179610342463925
1281,0.635126194682407,1.247531134381287
1282,1.2830916554626333,-0.885691079564996
1283,1.5741148832957268,0.5389011769810245
1284,0.7602979470936835,-0.9198721726635918
1285,0.16204747656197482,1.7772694398837778
1286,0.4924922671015436,-0.11851390312148535
1287,0.7097838880714662,0.12014585056095572
1288,1.740017051717066,0.6471737294712588
1289,0.6623474825241412,0.9638627326137871
1290,0.7716980348975425,-1.1263083531732185
1291,0.4673847946432045,-0.5505123343165829
1292,1.4796290740606617,-0.10884586281389741
1293,1.6007762904263745,0.6759479909458682
1294,0.7844037282284914,-1.3311024590140654
1295,0.9040745020047146,-1.3963039380243494
1296,0.6567858039663683,1.0364680770806523
1297,0.937936805971698,-0.8984687805852368
1298,0.6156196072443404,1.3306327497492099
1299,0.22308552485034672,1.3216316257742697
1300,1.146969835315123,0.16526847772984954
1301,0.6303414433058951,1.2776301794590914
1302,0.4478042776009144,-0.8342689882549089
1303,1.1004315133108966,0.4975474073806331
1304,0.7171365016123474,-0.03311073723961411
1305,0.22481457594940876,1.294044905381437
1306,1.5903101712494965,0.626532402566962
1307,1.2009932692777103,-0.3649896711787656
1308,0.8010138135511026,-1.5497301568022444
1309,1.0300902883338776,0.376892273060374
1310,0.3697718076292975,-1.1360062018058592
1311,1.4956611152624724,0.006113853982977591
1312,0.6208870497267293,1.3186040546650553
1313,0.2528717894714512,0.7783015022251297
1314,0.331897260618756,-0.7374048466837771
1315,0.5896079183556795,1.2771596403697991
1316,0.17195440253147126,1.782359011632817
1317,1.5066918876549504,0.08562549643903228
1318,0.3000251520825213,-0.1868923642561563
1319,0.40671006733753823,-1.181490185888098
1320,1.37551221857899,-0.751216563650079
1321,1.3536551018107819,-0.8385292620143369
1322,1.2270453725115191,-0.591554585166879
1323,1.3548714233607777,-0.8343779177150205
1324,1.314127739507396,-0.9169941276988461
1325,1.6190131274588593,0.7463253407993838
1326,1.2794991905550446,-0.8760536045512631
1327,0.6675107066486857,0.8903693950058446
1328,0.68584622409435,0.5876791567796394
1329,0.2361490265448548,1.0994073675881815
1330,0.8525157503570038,-1.796786207493998
1331,0.5832004807018828,1.2361374732943737
1332,0.9909711725069402,-0.06443417749614266
1333,1.075228626900763,0.556269467554383
1334,0.19226335209816847,1.691760475706925
1335,0.6781145294191123,0.7226199968507067
1336,1.420566201765055,-0.5060397715053037
1337,1.2906792131129996,-0.9018426269969418
1338,0.471013736505934,-0.4918290816633012
1339,1.5242205971598817,0.21111949973493072
1340,1.774463720095565,0.46550258689313384
1341,0.801719539152496,-1.5576491584280951
1342,0.4807915130443125,-0.32651392486076614
1343,0.850169511298497,-1.8005000723271145
1344,0.32031214983518,-0.5554636513354049
1345,1.840836091147045,-0.08854404396624116
1346,1.2889367464529011,-0.8986344665965512
1347,0.8132805554106162,-1.6702718625521733
1348,1.451628407377032,-0.3041593164882138
1349,1.4609795614638281,-0.2400075525721982
1350,1.201337975344395,-0.36824372715563325
1351,1.6220044160659832,0.7558086782017276
1352,1.1656742707872096,-0.015463027425713816
1353,0.9328004576842596,-0.9802912625229433
1354,1.5972910780043863,0.6601780324497745
1355,0.4582729496962151,-0.6900688441739399
1356,1.5243257825068706,0.2118633657017276
1357,1.0889755412734434,0.5371920063415095
1358,1.4896956460703208,-0.03680911964983491
1359,0.2532020549968384,0.7716659313967361
1360,0.4941169478189896,-0.08905493877609072
1361,0.9560343705099228,-0.6039785596287325
1362,0.7838615195004434,-1.3229817180173917
1363,0.6607761035766667,0.9850832610180155
1364,1.3525679194638052,-0.8421622843226865
1365,1.2375401306433615,-0.6689203113994077
1366,0.22159316795135572,1.344946335341941
1367,0.7368616822470111,-0.44917232498773185
1368,1.183546319856901,-0.1946826458653882
1369,1.699520929172445,0.7828091054478213
1370,0.480244123003066,-0.3360096105818152
1371,0.6753294237750261,0.7687359724448547
1372,1.5985786332737932,0.6660755544224307
1373,1.1120802792710636,0.4373913600364253
1374,1.2914720358170382,-0.9032039970836118
1375,1.4057862520643782,-0.5940691561183408
1376,1.5023381859179763,0.054243889383368216
1377,0.8211813607311634,-1.728018154178418
1378,1.0403909655058794,0.4511354646900222
1379,0.691883474245688,0.4759868706831262
1380,0.19405786972758676,1.6774279190753383
1381,1.317691375185165,-0.9149378866633847
1382,0.5620476828927518,1.0304929790225366
1383,1.4199337685222984,-0.5099293322047665
1384,1.2234807583535805,-0.5632547468623593
1385,0.8186119880388735,-1.71099269229234
1386,0.4939960540187263,-0.09125038370911309
1387,0.3357241852446665,-0.7920140360685687
1388,0.4724071252647726,-0.4688797234914014
1389,0.2203361153277305,1.3642183797884933
1390,1.1662211996358351,-0.020914974876351633
1391,1.3901659144049108,-0.6796018213710263
1392,1.699780488039457,0.7822140126743838
1393,1.7820234511512187,0.41691860251813384
1394,1.15952521077902,0.04535762660890075
1395,0.3891640218600266,-1.204235714695816
1396,1.5997932344666086,0.6715572743931338
1397,1.0219622366393468,0.304978255859904
1398,0.8140610085913637,-1.6766837539827897
1399,1.182547471091995,-0.18469795889467744
1400,1.3553756263058525,-0.8326305479487851
1401,0.8704928878389454,-1.7229404926976635
1402,1.7586489490643746,0.5566891103306338
1403,0.24837884526237924,0.8676298953994851
1404,1.4997348319463253,0.035475578836493216
1405,1.678855513522311,0.8158901601353213
1406,1.5241043593976666,0.2102936177769229
1407,0.5126504172536829,0.24957775073636046
1408,0.4064609026839424,-1.1823703141082582
1409,1.8017020295619828,0.27327236228375884
1410,1.240513744615089,-0.6891264647921994
1411,0.24788280777971994,0.8773751269644058
1412,0.22962767137828996,1.2141773135713798
1413,1.1476477094210058,0.15899178826003524
1414,0.757319498786016,-0.8630027589599117
1415,0.7863957657532058,-1.3604315836193486
1416,0.5385344032679557,0.6971511140371226
1417,0.4700336074700413,-0.5078367136804368
1418,1.119529541107657,0.3896292268553302
1419,1.7955113272042662,0.32124599509625884
1420,0.3371293215420797,-0.811332046117233
1421,1.108898174833424,0.45566792481332274
1422,0.6466380813658396,1.1501390924466328
1423,1.7793857405333189,0.43431362204938384
1424,1.7894968895052654,0.36543544822125884
1425,1.8241545839916318,0.07710537009625884
1426,0.4210651294367256,-1.1045274101190365
1427,0.577044430150917,1.18701977362144
1428,0.7059784608418058,0.19822228744379433
1429,0.7391822231180427,-0.4976098563267365
1430,1.0185237296403369,0.27116105400710555
1431,1.3501466761551868,-0.8499909967860654
1432,1.0853065280520289,0.5454372472384498
1433,1.65888260117694,0.8209942250767276
1434,1.3481724778680433,-0.8560961813411191
1435,0.7528909231425431,-0.7765427038750127
1436,0.8568607748030831,-1.7862184460020138
1437,1.78828110073536,0.37398037009625884
1438,1.7896345946852383,0.36445888572125884
1439,1.5129001697750624,0.13028415732770415
1440,0.9986897296717536,0.04010788791566344
1441,0.39765975643066,-1.2032173384752163
1442,1.4420417684405664,-0.36849609322161225
1443,1.3067385332603745,-0.9177008003673032
1444,0.33731953141298143,-0.8139162236176994
1445,1.4988064228207283,0.02878078513532134
1446,1.5525500513084531,0.4054058461704776
1447,0.4461585565338564,-0.8551707592770904
1448,1.8078402052703402,0.22310146384625884
1449,1.4680144873826764,-0.19097152657122163
1450,0.9812275490329192,-0.20584470710963754
1451,0.3163020986000353,-0.4871755397745724
1452,1.0843669706452597,0.5471865616062209
1453,0.868903275870019,-1.7325989303855671
1454,0.7800090803347085,-1.2636320193043424
1455,1.6608669011716288,0.8217113881626651
1456,1.4591813275013519,-0.25244060463518647
1457,0.4602570802141917,-0.6607076700594839
1458,0.3037567029238065,-0.2586154754000668
1459,0.7346723785804389,-0.40326367274173347
1460,1.5108790771495224,0.11576160483746978
1461,0.2513955393231553,0.8078515325051362
1462,0.503905575651385,0.08982036848538744
1463,0.4427543209938414,-0.8967682148278905
1464,1.2767503169418102,-0.8678086728534177
1465,0.5978307713346587,1.3140532843324841
1466,0.9942175182332648,-0.019585735418505945
1467,0.6778800228950347,0.7265563696644753
1468,0.6537265367389352,1.073361114112057
1469,0.9469285858150508,-0.7527311986988857
1470,0.38284225695560703,-1.1927337213812201
1471,1.7170376799311975,0.7348354726353213
1472,0.7410847034750664,-0.5371168549383506
1473,1.0506910992013656,0.5058047964492366
1474,0.5710132127357043,1.1301094285525402
1475,0.6436051819533914,1.1791466517977902
1476,0.4227010920345001,-1.0925606098309721
1477,0.531746060768997,0.5856656145850215
1478,0.8479800950234293,-1.802691949785359
1479,1.6756574103051576,0.8185757070103213
1480,0.6061002988840644,1.3326798932765165
1481,0.2684943192930113,0.4574174413308433
1482,0.2882946539453536,0.04696971812819217
1483,1.1302420929484172,0.31001943045049163
1484,1.1059329012018746,0.47147991948514434
1485,1.7805866168483675,0.42640956931500884
1486,0.6820906744873408,0.654441551633507
1487,1.7664545993285528,0.5134151845493838
1488,0.3946075708254233,-1.2057549202319855
1489,1.764759444645159,0.5230282216587588
1490,0.4832619182873368,-0.2833568558918992
1491,0.33147370392174863,-0.7311851486121591
1492,1.6869931664244002,0.8060940175571963
1493,1.5143509201392285,0.14069446616559478
1494,1.1011883675655694,0.4942206560888812
1495,0.2751760020038889,0.31807351554635577
1496,0.6109920716178993,1.3347901010209249
1497,1.5260439191117874,0.2240265279331729
1498,0.4041294662173371,-1.1898364052787578
1499,1.7430149199271885,0.6338375478306338
1500,0.5366568197665867,0.666868146749774
1501,0.18281402261503468,1.7505852865074836
1502,0.15395717602407485,1.7494781618184696
1503,1.629233735266642,0.7761944203892276
1504,1.7654509462226182,0.5191219716587588
1505,0.8583724058808548,-1.7814308579756393
1506,0.3543843907517482,-1.0139937750693129
1507,0.5419747574422921,0.7514341694266554
1508,1.7247040338261288,0.7085445790806338
1509,1.4340012874067267,-0.42115369743914155
1510,1.0214429481755396,0.299997924573116
1511,1.5058154594800583,0.07931026511579009
1512,0.3463744355478984,-0.928116473042966
1513,0.22714197099632444,1.2559736475960186
1514,0.8989584708233359,-1.459476314273335
1515,1.6999633233354,0.7818020253696963
1516,1.3601139717416677,-0.8154713243922665
1517,1.292290747385436,-0.9045454592189267
1518,0.7346747697368914,-0.403313910376884
1519,1.2377026967983569,-0.6700451106509641
1520,0.4090659976627393,-1.1723875562412935
1521,0.9597351126425798,-0.5437389689242914
1522,0.1519020827214668,1.7391662963275074
1523,1.0266794756587343,0.34811279245405646
1524,0.6894281153590273,0.5220254837557227
1525,0.7263083198712666,-0.22672498530954865
1526,0.8279050887084604,-1.7644596242091133
1527,0.3146692775016989,-0.4586588219155524
1528,1.5760396934499483,0.5499523549595401
1529,1.112474152600737,0.4350376173177287
1530,1.5724535960604362,0.5292309194126651
1531,0.19775524170680644,1.6448284339125472
1532,0.8474782338492878,-1.8030202274887337
1533,1.2488032562222997,-0.7412113875827268
1534,1.6004465461436383,0.6744793324986026
1535,0.2730357813748837,0.3627109878000815
1536,0.21231007081829825,1.4788445383241502
1537,1.2388463637128204,-0.6778928966006711
1538,0.5463980872828589,0.8187435710940995
1539,0.9168348208070484,-1.2225008250890745
1540,1.3716678604918022,-0.768397721715875
1541,1.7235102755502019,0.7128475575962588
1542,1.6777789291844436,0.8168667226353213
1543,0.2741470051762457,0.33953094269082473
1544,0.9857795672073244,-0.1385917731306031
1545,0.2898312878378849,0.015735913673150637
1546,0.9274717282286356,-1.063491759144373
1547,0.973018765388888,-0.33158090456635503
1548,0.7094601823287258,0.12682592820129546
1549,0.4679686072328,-0.5411817811247525
1550,0.9482494106428192,-0.7311699011108354
1551,0.4477827172636109,-0.8345460839402145
1552,0.9808989047320728,-0.21077405779869107
1553,1.3978465277551155,-0.6386128992518857
1554,1.800140768252017,0.28566249900250884
1555,0.5487468069336476,0.853258454219766
1556,0.5322595718593578,0.5942838680428472
1557,0.8778951228447818,-1.6704309408298208
1558,0.4294937975692805,-1.0361824791318135
1559,0.4091525456230109,-1.1720263495582834
1560,0.6466692841033849,1.1498284910711014
1561,1.4882607303605164,-0.047112616964288034
1562,0.6198976096130593,1.3214556113023797
1563,0.5733815577838782,1.1534644172141348
1564,1.8450871275446912,-0.13261142677874116
1565,1.6260456601488946,0.7676571279087588
1566,1.2405068347178263,-0.689080390401788
1567,1.2991068963900776,-0.9132076830348447
1568,1.0826144989836533,0.5500491827049777
1569,0.9831656056827685,-0.17697301998049764
1570,0.6599451483571968,0.9960822715445906
1571,0.6142140564216785,1.3325294295580612
1572,1.826249530563244,0.05720790915875884
1573,1.670718557452248,0.8213070302525088
1574,1.8131206614068816,0.17787441306500884
1575,0.4528250509304126,-0.7674537293780227
1576,1.4371818388617892,-0.40047565407366303
1577,0.163902551370189,1.7806817821077594
1578,0.5413688630002557,0.7419919319298137
1579,1.5566860027074385,0.4322307973423526
1580,0.6944204787942028,0.42759744704454394
1581,0.7587572648658315,-0.8905908938242569
1582,0.3567531462174863,-1.036530298312929
1583,0.5020221344492404,0.05530690383676162
1584,1.5664762888202748,0.49353298240094634
1585,1.7369178927126745,0.6606014638462588
1586,1.806384726550704,0.23524745994000884
1587,1.6720267578213208,0.8207424550571963
1588,0.4857595708895139,-0.2392608891306659
1589,0.8758489336782005,-1.6861626443198396
1590,0.5938155960035425,1.2982908368365393
1591,1.3279090694076696,-0.903141292997308
1592,1.405806997377096,-0.5939489931544736
1593,1.12836640176793,0.32480148666291686
1594,0.8190366913934122,-1.7139242717741503
1595,0.610486212395677,1.334881302181028
1596,1.5399792896625164,0.32112392478375884
1597,0.3677255211792781,-1.1231619580805194
1598,0.3344693601247116,-0.7744265936100342
1599,0.3718460548949285,-1.1479420699626566
1600,0.5013195162911627,0.04243511138411893
1601,0.8749627179524914,-1.692691426046796
1602,0.27914130494187056,0.2355315894395139
1603,1.3412734473070052,-0.8754033178767636
1604,0.6223480984978866,1.3138934789829442
1605,1.4510638101821682,-0.30799404091448335
1606,0.7395131573155408,-0.5044961476443782
1607,0.6987208608649553,0.34383338082335146
1608,1.0992011839550355,0.5027743174949214
1609,0.2800065255905936,0.2175677662610801
1610,0.5706855196391919,1.1267774574305882
1611,1.1701197121434854,-0.05991305715651063
1612,0.5543125265042049,0.9313639887630493
1613,1.03955654329299,0.44584247165112945
1614,1.0012330995464598,0.07290898703723403
1615,1.099720939557356,0.5005936890163943
1616,0.2828708039189186,0.1582712881416305
1617,0.8175578354074979,-1.7035161217419876
1618,1.4066681373518106,-0.5889951319179013
1619,1.2262644540925631,-0.5854385823687985
1620,0.9988892877742712,0.042712366885833464
1621,0.1911752934086759,1.6999683078454915
1622,1.806007434998301,0.23829921775250884
1623,0.9085184835215268,-1.3382317137649729
1624,1.217426893180763,-0.5130387277087644
1625,0.34961642978441504,-0.9646437711900867
1626,1.4134888069193925,-0.548962268300958
1627,0.9266561841073676,-1.0760431040754987
1628,1.820216989195796,0.11403163962750884
1629,1.3073022667789131,-0.9178194136104062
1630,0.9404142006136132,-0.8585659677839353
1631,0.4247227467840287,-1.0768990440548727
1632,1.6003726529003748,0.674139824441962
1633,1.210276155857952,-0.45053652233690766
1634,0.6342894658990785,1.2532425136676544
1635,1.674243337695232,0.8195217519321963
1636,1.8402238262570565,-0.08231845802874116
1637,0.40927543938209576,-1.1715101994443025
1638,1.6848430361818982,0.8090999990025088
1639,1.116843859960967,0.40762188725858184
1640,0.5273774137753746,0.5112651791503672
1641,0.25664238896417624,0.7020560246656337
1642,1.3868413716011705,-0.6966454119166806
1643,0.1709668806177683,1.7833095583223404
1644,1.7074954543573375,0.7630642324009463
1645,0.33389181962440195,-0.7662266224553528
1646,1.1896221585261766,-0.25501378185362367
1647,0.6757508688748305,0.7618476678406373
1648,1.4954249516411822,0.004414406351141653
1649,0.672211767235178,0.8186627779876366
1650,0.2866792193803505,0.07995952328138489
1651,0.4070333261585604,-1.18032474293722
1652,1.8243653171131569,0.07521328025250884
1653,1.806453955456196,0.23463710837750884
1654,0.9012224783516268,-1.4320290999232306
1655,1.3096341678611714,-0.9180053801021054
1656,1.3115910305824399,-0.9177848429164365
1657,0.2458503982083779,0.9170356246589185
1658,1.5531718991118817,0.40947612815289947
1659,0.8876311541662419,-1.5835223153910114
1660,0.6913298270945764,0.48643796865581723
1661,1.3255190307913003,-0.9066632122477963
1662,1.6528732650872724,0.8170040517368838
1663,1.7310063434524487,0.6847713857212588
1664,0.9380205737211328,-0.8971236369317844
1665,0.4183493004456429,-1.1229786429968875
1666,1.4933784031048565,-0.010323676534600534
1667,0.5563718109773493,0.9588687487492357
1668,0.9042242635077086,-1.3943937018258943
1669,1.5438533683098754,0.3474987416782901
1670,0.7280103517700128,-0.26273183130905775
1671,0.5341403586523141,0.6256025024420601
1672,0.16772828551884836,1.7841538646324828
1673,0.6550567042178483,1.0575917808826567
1674,1.1868627019547768,-0.22771129316896943
1675,1.8118668086519216,0.18879970603375884
1676,0.27035419389196336,0.41865021029735405
1677,0.688160492428644,0.5454709750854895
1678,0.9209219184973774,-1.162688316099949
1679,1.7184673362714715,0.7301205068150088
1680,1.5109644049728523,0.11637767844586822
1681,1.162668859649003,0.014384013346724234
1682,1.0689773096453452,0.5539539798417613
1683,0.5193912997985842,0.37102831144221315
1684,0.3812041808051925,-1.1880491781841478
1685,0.5661821954083391,1.0785751731971764
1686,1.846973551069631,-0.15232578224749116
1687,0.583540738603578,1.238578867146142
1688,0.3300185025610429,-0.7095555747475296
1689,1.197191789431841,-0.32876026935190705
1690,1.098461559630823,0.5058076425710246
1691,0.96860540941185,-0.4011148524215892
1692,0.575543787564521,1.1736546421387253
1693,0.18854612974585624,1.718278770493324
1694,1.1419017954827801,0.2113002508202121
1695,1.261052772589769,-0.8062157959422543
1696,0.6974708978731937,0.36839343721731754
1697,0.4918411065848369,-0.13029132168520985
1698,0.7763123002894242,-1.2040576432111187
1699,0.3916392844890946,-1.205888253086588
1700,1.7752835406159275,0.46043666892438384
1701,1.1383989761667948,0.2420953332701251
1702,1.2226990195759575,-0.5569195479831174
1703,0.6553182807422445,1.0544413416435496
1704,1.6771287034214737,0.8174160390415713
1705,1.084680898990142,0.5466186709025428
1706,1.733562179643907,0.6744869618931338
1707,0.7922884603067072,-1.4423783754675163
1708,1.134146683913135,0.27821084552197906
1709,0.5979314765122261,1.3143926947166698
1710,0.5839583264749995,1.241535298097741
1711,0.5504950510316948,0.8783645568553843
1712,0.20136204866495586,1.609150080049229
1713,0.8094653720064223,-1.6367307233369424
1714,1.304632939731578,-0.9170000881633237
1715,0.197976130615746,1.642752155301931
1716,1.0361782655555447,0.4231043390253112
1717,0.9228492034750752,-1.1338987683622612
1718,0.7361798928103841,-0.43489545818664876
1719,0.3082585116360921,-0.3430172107693502
1720,0.3280201350623353,-0.6792050023570405
1721,0.7084906355224692,0.14679286196115615
1722,1.6503210639730141,0.8145550160923526
1723,1.6520968306500992,0.8163021474400088
1724,1.0203443199536228,0.2893119591543004
1725,0.17231764513557207,1.7819278025605705
1726,0.5216990324033757,0.41203290763297307
1727,0.8413684256127075,-1.8017695911905243
1728,0.4565189815393114,-0.7155121206080289
1729,1.7424630717476584,0.6363094716587588
1730,1.4386786402430385,-0.3906756967982724
1731,0.6897249001560481,0.5165039262290597
1732,0.1869098656477056,1.7285741486859898
1733,1.0299767311286026,0.37596716426997634
1734,0.7340576638589832,-0.3903423266230598
1735,1.444408160438734,-0.35276523537249116
1736,1.093370690027716,0.5244159593501613
1737,1.389850272946091,-0.6812388033351376
1738,0.36699771806538106,-1.1183390438811251
1739,0.8322887681036271,-1.78184339988292
1740,0.5861659074144331,1.2564304725172484
1741,0.6033187665096641,1.3285146801288725
1742,1.2251770545894007,-0.5768434435805753
1743,1.1343616395609408,0.2764208733358905
1744,0.15427071620673552,1.7509381096507433
1745,0.7378047535760105,-0.4688877116634026
1746,0.7035560482330878,0.2473502870205343
1747,1.6176680705419622,0.7418697743931338
1748,1.7629472195850744,0.5332821279087588
1749,0.4646372071955357,-0.5938258872694783
1750,0.3077923492458827,-0.3343931113688009
1751,1.5085367699397716,0.09891017966657134
1752,0.4760864327828631,-0.40725831679373325
1753,1.6699022694402754,0.8215816884556338
1754,0.7044767261071548,0.22873554225298764
1755,1.0314484026975614,0.3877785547891185
1756,0.7890751941439509,-1.3986004882237388
1757,0.4607597636150737,-0.6531739450285309
1758,1.4716710833072657,-0.1652576059779599
1759,0.2848550904841472,0.11738223248022084
1760,1.0539830313936616,0.5190875313499496
1761,1.3660816822307789,-0.7920462221583798
1762,1.3196073772949213,-0.9133836359462216
1763,1.5196407199604172,0.17854389243512603
1764,0.9855768759558994,-0.14154403030187634
1765,0.31030509867502964,-0.3805457039290482
1766,0.2308383845828333,1.1934132674619455
1767,1.7170914700479651,0.7346218495884463
1768,0.6361177293562459,1.240519138905082
1769,0.8047929583626482,-1.5907602533909007
1770,1.5814470276709374,0.5801189809361026
1771,1.6095727013712302,0.7125271230259463
1772,0.2245466243925137,1.2983596133976185
1773,0.3574316743905525,-1.042739602276189
1774,1.6249265116057288,0.7644832997837588
1775,1.4443500599955683,-0.3531514734706357
1776,1.831125985826156,0.00960048728375884
1777,0.4432693705441746,-0.8906192468195436
1778,0.6267777332363397,1.2959807796658502
1779,0.6976479530179025,0.36492478205110135
1780,0.4866883833267564,-0.2227552137839589
1781,0.3893907750975529,-1.204453879002532
1782,1.032049262990126,0.39248978041797133
1783,1.6277097530195734,0.7722042470493838
1784,1.4164984125059366,-0.5308734507045224
1785,1.7540442710440358,0.5806759267368838
1786,1.2839975410977056,-0.8879181475123837
1787,0.3708988520303268,-1.1426274213219507
1788,0.32931797464320306,-0.6990007027054085
1789,1.1536169405161605,0.10266530208974334
1790,0.7903134808292129,-1.41573241634541
1791,1.1292804820546634,0.31763958626180144
1792,1.7068140292457077,0.7648952870884463
1793,0.8214502285564418,-1.7297011984257473
1794,0.16032731085298382,1.7731063165457464
1795,1.8186818027941207,0.12819179587750884
1796,0.5357547330929827,0.652162459716063
1797,0.2206539943274387,1.3593770762625432
1798,1.2298184099935252,-0.6128819317302182
1799,0.2061396164718923,1.5562271650236958
1800,0.9806104774502148,-0.2151079860261157
1801,0.7236393142393306,-0.17026082498268036
1802,0.386917700057239,-1.2013468440192732
1803,1.1531626790764935,0.10701299899011107
1804,1.8491644573759427,-0.17533603615374116
1805,1.78713342457639,0.38200649314313384
1806,0.18920156912230884,1.7139169991722802
1807,1.050784521242114,0.5062097951093242
1808,0.17460834011684212,1.77819794739764
1809,1.8209768174390943,0.10695156150250884
1810,1.6624667617717694,0.8221310048618838
1811,0.5012671015276469,0.04147502710912565
1812,1.6958496811139627,0.7906063466587588
1813,0.6061831830523765,1.3327711195241214
1814,0.7621726118856506,-0.9550904224371984
1815,1.8172644739157373,0.14100917869000884
1816,0.4713564978026048,-0.48620441977181283
1817,0.19679941721729555,1.653646939813651
1818,1.475495027330764,-0.13822189278215913
1819,0.853994941744795,-1.793723953676082
1820,0.4789043089516064,-0.3591425964470468
1821,1.1214982258033863,0.3759135200896785
1822,1.3582906455978931,-0.8222302526912167
1823,0.4673684540388605,-0.5507728642834914
1824,0.8112732408190466,-1.653077366550125
1825,1.4434946842477103,-0.35884967751116303
1826,0.28224903835953297,0.17111790800964488
1827,1.056037953091788,0.5263474478641078
1828,1.0850200640742966,0.5459863997319266
1829,1.4610775643797969,-0.23932949013323335
1830,1.5415965552069375,0.33217510276227447
1831,0.8635689358800676,-1.7606747362507953
1832,1.6661974295763502,0.8223293691196963
1833,0.3797756293861495,-1.1833930689383045
1834,1.019032932478044,0.2762929692187831
1835,0.8486913874465799,-1.802115256686367
1836,1.0645208369344392,0.5479534163394496
1837,0.4892607773912854,-0.1767701661803508
1838,0.5284181124780779,0.5291564215811454
1839,0.7439224183046313,-0.595642888008289
1840,0.2804379326381569,0.2086189781801372
1841,0.6857690445955301,0.5890731287443564
1842,0.9640161751722788,-0.47451380386263875
1843,1.232162186883586,-0.6304217905482724
1844,1.1073681987212656,0.46397624605088683
1845,1.2319927348675639,-0.6291687817058041
1846,0.5947952989676519,1.3025364634602816
1847,0.9285113158783108,-1.047417755492635
1848,1.3218741796611533,-0.9111471504649594
1849,1.674032161653771,0.8196285634556338
1850,1.528942061408452,0.24445995383649322
1851,1.7114682734106186,0.7519558339634463
1852,1.1093507573369268,0.453149896792464
1853,0.9186927702810278,-1.1955287268130554
1854,0.7154921168632548,0.001381692455478034
1855,1.7795602015052303,0.43309291892438384
1856,1.2841423917847767,-0.8882670731028989
1857,1.3654758547680883,-0.7945126623591855
1858,0.15576954438233653,1.7574976126483897
1859,1.3449226692843357,-0.8655914396724179
1860,1.22974119213042,-0.6122964651069119
1861,1.7650041014560385,0.5217159657993838
1862,1.0618323295018508,0.5425582907417342
1863,1.8491153731290864,-0.17484775490374116
1864,0.7048041403288436,0.2220985127867684
1865,1.063741025699782,0.5465266748586223
1866,0.592015351759667,1.289822544997886
1867,0.3627120987092602,-1.0872549613060905
1868,1.0217983041436771,0.3034109442749545
1869,1.1130512884281,0.43155299567370864
1870,0.3829759002442494,-1.1930850212003783
1871,1.7404933320201799,0.6450985341587588
1872,1.7492125665915406,0.6047237782993838
1873,0.638599808371671,1.221813199205652
1874,1.6477600202034923,0.8115871816196963
1875,0.4171686456993182,-1.1304434364021212
1876,1.5748134699772658,0.5429294972935245
1877,0.5579571158549511,0.9795033598282393
1878,1.7992131821463748,0.29286464744000884
1879,0.4706224805302942,-0.49823276224850954
1880,1.5913143565593535,0.6315334706821963
1881,0.4836693582890326,-0.27619383045311363
1882,1.6936156135642726,0.7949551015415713
1883,1.8434186111506599,-0.11527744240374116
1884,0.4124386905826949,-1.1569157112418829
1885,1.8043428393799368,0.25197109275250884
1886,0.6944858828915791,0.4263394551606402
1887,1.7549430476441874,0.5760677724400088
1888,0.2903364856712387,0.00550074277344581
1889,1.6629748402194204,0.8222072988071963
1890,0.3700444275417849,-1.1376373892136975
1891,0.7141324745912286,0.029818424002595267
1892,0.8927156025331068,-1.5306993264450206
1893,0.5119423577439127,0.23670808101524787
1894,0.522254748599619,0.42185376404887254
1895,0.3938775708087917,-1.2060014064620113
1896,1.6685397264344437,0.8219784169712588
1897,0.4984198503283912,-0.010630025345737093
1898,0.16683309352108894,1.7837739806205057
1899,0.8844397901086569,-1.6141390830954983
1900,0.1680104806632275,1.7842186466402232
1901,0.8186009998128394,-1.7109162293119802
1902,1.2593693027723174,-0.7981511682948544
1903,1.2030500717287818,-0.3843236596068814
1904,1.149795203259982,0.13893791728406402
1905,1.8396889817950282,-0.07682529396624116
1906,1.182509653990144,-0.18431958860964326
1907,0.29397406044666285,-0.0676543545898235
1908,0.3606456765190437,-1.0706434574705703
1909,1.1472291072229932,0.16287089579492064
1910,0.4873225567394922,-0.21145442112828416
1911,1.5554099342147,0.4240101247349307
1912,0.7931567468625986,-1.4538255594881697
1913,1.3139620350480248,-0.917063149877496
1914,0.16990947792301664,1.783968024403915
1915,0.3833285688066388,-1.1939896658252032
1916,1.7392827116692204,0.6504085927525088
1917,0.2537145324728036,0.7613522847271347
1918,0.42271709048041295,-1.0924404483805041
1919,1.1918906441620662,-0.27730834788889436
1920,1.2078848311837942,-0.42893928594202546
1921,0.5270342672715079,0.5053443354634587
1922,1.6223223397276794,0.7567776113071963
1923,0.9943095943771864,-0.01833181201726941
1924,0.7032849520785832,0.25281754506505283
1925,1.125263963972594,0.34849530898719283
1926,0.7169877629026861,-0.029986704953618326
1927,1.2629436918016328,-0.8149397701701596
1928,0.4121226653907745,-1.158486641669871
1929,0.7376470535825642,-0.4655936805276647
1930,1.303729034441517,-0.9165742725810483
1931,1.7714621544868536,0.48393520408063384
1932,1.8469391576056868,-0.15202060646624116
1933,0.22060549761778567,1.3601170971316456
1934,0.3542011563466181,-1.012195135451467
1935,1.6311077784502577,0.7808864980259463
1936,0.26513265558537674,0.5273306123952429
1937,1.5742245598617528,0.5395382314243838
1938,1.4948814583767924,0.0004967122593447781
1939,0.22311232081593346,1.3212087566044453
1940,1.2532775481796523,-0.7666421265086606
1941,0.9896646969617908,-0.08282303369850663
1942,1.7831006933776536,0.40959438376813384
1943,1.7984507376188201,0.29878505759625884
1944,0.5543120620817806,0.9313576980574075
1945,0.4511727956780428,-0.7899362379604932
1946,0.17190846753027875,1.78241041674897
1947,1.2031114944712396,-0.3848979801616147
1948,0.2824681168592451,0.16658968118036543
1949,0.23756318895836964,1.0736238682712234
1950,1.2479849890466852,-0.7363542050799802
1951,0.8289950833032503,-1.7692537305621876
1952,0.9332978260329996,-0.9724306224590614
1953,0.35483286846109163,-1.0183626663776444
1954,0.5825648933473109,1.2314992735417114
1955,0.33480524255961064,-0.7791650738774402
1956,0.4952503867920843,-0.06844756275603825
1957,1.0435409323667046,0.4699546776035354
1958,1.5371593140818556,0.30173381858258697
1959,0.5214973912284993,0.4084641019078922
1960,1.1721223583560756,-0.08001400835127381
1961,0.5935994691041946,1.297319714308113
1962,0.3465474705055637,-0.9301256412920261
1963,0.44698211875460425,-0.8447743189382814
1964,0.6284185648895114,1.2879659190446624
1965,1.8255084628367468,0.06428798728375884
1966,1.4594265695960995,-0.25074592537493257
1967,0.5908777977578226,1.2840290271349737
1968,0.32022462985722266,-0.5540006345301586
1969,0.8139972856782475,-1.6761659940449967
1970,1.2325404360427887,-0.6332098276099637
1971,0.8551539674983328,-1.7909374332732035
1972,0.5495453821630377,0.8647897671115138
1973,1.4195572616282286,-0.5122400850734189
1974,0.3014926066796425,-0.21527636188710997
1975,1.738501265217776,0.6537960439243838
1976,0.2870331137780533,0.07271965641512768
1977,1.7496055573944056,0.6028011708775088
1978,0.9652104318478156,-0.4553214183753803
1979,1.1151783378905074,0.41834908419042083
1980,1.313522353922588,-0.9172344536265805
1981,0.7009824908334679,0.2989837924040407
1982,1.5559586653155075,0.42755397849469634
1983,0.8184865120389376,-1.710117705420263
1984,1.5062075536465187,0.08213314109235259
1985,0.6388752499786086,1.219636364411425
1986,1.6485736199145262,0.8125866323032901
1987,1.5121437607949952,0.12485393577008697
1988,0.5167400191165719,0.3235243461174909
1989,1.3847993110732222,-0.706890735097833
1990,0.8622707238633677,-1.7664780586703195
1991,0.2519701445612801,0.796371553823345
1992,0.9419241461036472,-0.8341358241370395
1993,0.17744585884782796,1.7711621641472526
1994,0.4874225628854476,-0.20967011206738928
1995,1.5313733076277876,0.2615192800083682
1996,1.4747321924878154,-0.14362827248186616
1997,0.6213195431661052,1.3172717215282397
1998,1.0218137925630528,0.3035592220047042
1999,1.0878431118093517,0.539975140921168
